Epoch,Time,Loss,Metrics,Validation
1.0,0.0003031000001101347,1.5130352973937988,0.9158124923706055,0.968081533908844
2.0,-0.00015499999994972313,1.4928771257400513,0.9716874957084656,0.9751838445663452
3.0,-2.3099999907572055e-05,1.4912341833114624,0.9787499904632568,0.9790273904800415
4.0,8.500000012645614e-05,1.500706434249878,0.9828958511352539,0.98128342628479
5.0,0.0016528999997262872,1.4764609336853027,0.9847708344459534,0.9836229681968689
6.0,-0.0021728000001530745,1.4804953336715698,0.9871041774749756,0.9829545617103577
7.0,-0.00020289999997658015,1.4863831996917725,0.9880416393280029,0.9842914342880249
8.0,-4.1999999893960194e-05,1.492556095123291,0.9890000224113464,0.9852105379104614
