Epoch,Time,Loss,Metrics,Validation
1.0,0.00023009999995338148,1.5278513431549072,0.8257708549499512,0.9650735259056091
2.0,0.007773600000064107,1.4931654930114746,0.9487916827201843,0.9761865139007568
3.0,-0.00498080000011214,1.4892185926437378,0.9583333134651184,0.9756016135215759
4.0,0.000680600000123377,1.4889733791351318,0.9634374976158142,0.9796122908592224
5.0,-0.000461399999949208,1.482531189918518,0.9682916402816772,0.9832051992416382
6.0,6.0300000086499495e-05,1.4784795045852661,0.9706249833106995,0.9827874302864075
7.0,0.0007304000000658561,1.4769141674041748,0.9737499952316284,0.9840407967567444
8.0,0.0004750000000512955,1.4771349430084229,0.9735000133514404,0.9857118725776672
